Domain Code,Domain,Area Code (M49),Area,Element Code,Element,Item Code (CPC),Item,Year Code,Year,Unit,Value,Flag,Flag Description,Note
"QCL","Crops and livestock products","840","United States of America","5312","Area harvested","01290.01","Green corn (maize)","1980","1980","ha","224941","A","Official figure",""
"QCL","Crops and livestock products","840","United States of America","5419","Yield","01290.01","Green corn (maize)","1980","1980","100 g/ha","115830","A","Official figure",""
"QCL","Crops and livestock products","840","United States of America","5510","Production","01290.01","Green corn (maize)","1980","1980","t","2605500","A","Official figure",""
"QCL","Crops and livestock products","840","United States of America","5312","Area harvested","01290.01","Green corn (maize)","1981","1981","ha","236616","A","Official figure",""
"QCL","Crops and livestock products","840","United States of America","5419","Yield","01290.01","Green corn (maize)","1981","1981","100 g/ha","118568","A","Official figure",""
"QCL","Crops and livestock products","840","United States of America","5510","Production","01290.01","Green corn (maize)","1981","1981","t","2805520","A","Official figure",""
"QCL","Crops and livestock products","840","United States of America","5312","Area harvested","01290.01","Green corn (maize)","1982","1982","ha","256160","A","Official figure",""
"QCL","Crops and livestock products","840","United States of America","5419","Yield","01290.01","Green corn (maize)","1982","1982","100 g/ha","122612","A","Official figure",""
"QCL","Crops and livestock products","840","United States of America","5510","Production","01290.01","Green corn (maize)","1982","1982","t","3140840","A","Official figure",""
"QCL","Crops and livestock products","840","United States of America","5312","Area harvested","01290.01","Green corn (maize)","1983","1983","ha","239000","A","Official figure",""
"QCL","Crops and livestock products","840","United States of America","5419","Yield","01290.01","Green corn (maize)","1983","1983","100 g/ha","112751","A","Official figure",""
"QCL","Crops and livestock products","840","United States of America","5510","Production","01290.01","Green corn (maize)","1983","1983","t","2694740","A","Official figure",""
"QCL","Crops and livestock products","840","United States of America","5312","Area harvested","01290.01","Green corn (maize)","1984","1984","ha","250982","A","Official figure",""
"QCL","Crops and livestock products","840","United States of America","5419","Yield","01290.01","Green corn (maize)","1984","1984","100 g/ha","120423","A","Official figure",""
"QCL","Crops and livestock products","840","United States of America","5510","Production","01290.01","Green corn (maize)","1984","1984","t","3022400","A","Official figure",""
"QCL","Crops and livestock products","840","United States of America","5312","Area harvested","01290.01","Green corn (maize)","1985","1985","ha","253500","A","Official figure",""
"QCL","Crops and livestock products","840","United States of America","5419","Yield","01290.01","Green corn (maize)","1985","1985","100 g/ha","122667","A","Official figure",""
"QCL","Crops and livestock products","840","United States of America","5510","Production","01290.01","Green corn (maize)","1985","1985","t","3109600","A","Official figure",""
"QCL","Crops and livestock products","840","United States of America","5312","Area harvested","01290.01","Green corn (maize)","1986","1986","ha","242200","A","Official figure",""
"QCL","Crops and livestock products","840","United States of America","5419","Yield","01290.01","Green corn (maize)","1986","1986","100 g/ha","124050","A","Official figure",""
"QCL","Crops and livestock products","840","United States of America","5510","Production","01290.01","Green corn (maize)","1986","1986","t","3004500","A","Official figure",""
"QCL","Crops and livestock products","840","United States of America","5312","Area harvested","01290.01","Green corn (maize)","1987","1987","ha","253000","A","Official figure",""
"QCL","Crops and livestock products","840","United States of America","5419","Yield","01290.01","Green corn (maize)","1987","1987","100 g/ha","130870","A","Official figure",""
"QCL","Crops and livestock products","840","United States of America","5510","Production","01290.01","Green corn (maize)","1987","1987","t","3311000","A","Official figure",""
"QCL","Crops and livestock products","840","United States of America","5312","Area harvested","01290.01","Green corn (maize)","1988","1988","ha","253650","A","Official figure",""
"QCL","Crops and livestock products","840","United States of America","5419","Yield","01290.01","Green corn (maize)","1988","1988","100 g/ha","112320","A","Official figure",""
"QCL","Crops and livestock products","840","United States of America","5510","Production","01290.01","Green corn (maize)","1988","1988","t","2849000","A","Official figure",""
"QCL","Crops and livestock products","840","United States of America","5312","Area harvested","01290.01","Green corn (maize)","1989","1989","ha","260000","A","Official figure",""
"QCL","Crops and livestock products","840","United States of America","5419","Yield","01290.01","Green corn (maize)","1989","1989","100 g/ha","131038","A","Official figure",""
"QCL","Crops and livestock products","840","United States of America","5510","Production","01290.01","Green corn (maize)","1989","1989","t","3407000","A","Official figure",""
"QCL","Crops and livestock products","840","United States of America","5312","Area harvested","01290.01","Green corn (maize)","1990","1990","ha","276590","A","Official figure",""
"QCL","Crops and livestock products","840","United States of America","5419","Yield","01290.01","Green corn (maize)","1990","1990","100 g/ha","130977","A","Official figure",""
"QCL","Crops and livestock products","840","United States of America","5510","Production","01290.01","Green corn (maize)","1990","1990","t","3622700","A","Official figure",""
"QCL","Crops and livestock products","840","United States of America","5312","Area harvested","01290.01","Green corn (maize)","1991","1991","ha","295040","A","Official figure",""
"QCL","Crops and livestock products","840","United States of America","5419","Yield","01290.01","Green corn (maize)","1991","1991","100 g/ha","128293","A","Official figure",""
"QCL","Crops and livestock products","840","United States of America","5510","Production","01290.01","Green corn (maize)","1991","1991","t","3785150","A","Official figure",""
"QCL","Crops and livestock products","840","United States of America","5312","Area harvested","01290.01","Green corn (maize)","1992","1992","ha","286350","A","Official figure",""
"QCL","Crops and livestock products","840","United States of America","5419","Yield","01290.01","Green corn (maize)","1992","1992","100 g/ha","132274","A","Official figure",""
"QCL","Crops and livestock products","840","United States of America","5510","Production","01290.01","Green corn (maize)","1992","1992","t","3787680","A","Official figure",""
"QCL","Crops and livestock products","840","United States of America","5312","Area harvested","01290.01","Green corn (maize)","1993","1993","ha","275860","A","Official figure",""
"QCL","Crops and livestock products","840","United States of America","5419","Yield","01290.01","Green corn (maize)","1993","1993","100 g/ha","120479","A","Official figure",""
"QCL","Crops and livestock products","840","United States of America","5510","Production","01290.01","Green corn (maize)","1993","1993","t","3323540","A","Official figure",""
"QCL","Crops and livestock products","840","United States of America","5312","Area harvested","01290.01","Green corn (maize)","1994","1994","ha","300190","A","Official figure",""
"QCL","Crops and livestock products","840","United States of America","5419","Yield","01290.01","Green corn (maize)","1994","1994","100 g/ha","146177","A","Official figure",""
"QCL","Crops and livestock products","840","United States of America","5510","Production","01290.01","Green corn (maize)","1994","1994","t","4388100","A","Official figure",""
"QCL","Crops and livestock products","840","United States of America","5312","Area harvested","01290.01","Green corn (maize)","1995","1995","ha","286960","A","Official figure",""
"QCL","Crops and livestock products","840","United States of America","5419","Yield","01290.01","Green corn (maize)","1995","1995","100 g/ha","139535","A","Official figure",""
"QCL","Crops and livestock products","840","United States of America","5510","Production","01290.01","Green corn (maize)","1995","1995","t","4004100","A","Official figure",""
"QCL","Crops and livestock products","840","United States of America","5312","Area harvested","01290.01","Green corn (maize)","1996","1996","ha","284080","A","Official figure",""
"QCL","Crops and livestock products","840","United States of America","5419","Yield","01290.01","Green corn (maize)","1996","1996","100 g/ha","142192","A","Official figure",""
"QCL","Crops and livestock products","840","United States of America","5510","Production","01290.01","Green corn (maize)","1996","1996","t","4039400","A","Official figure",""
"QCL","Crops and livestock products","840","United States of America","5312","Area harvested","01290.01","Green corn (maize)","1997","1997","ha","284170","A","Official figure",""
"QCL","Crops and livestock products","840","United States of America","5419","Yield","01290.01","Green corn (maize)","1997","1997","100 g/ha","144435","A","Official figure",""
"QCL","Crops and livestock products","840","United States of America","5510","Production","01290.01","Green corn (maize)","1997","1997","t","4104400","A","Official figure",""
"QCL","Crops and livestock products","840","United States of America","5312","Area harvested","01290.01","Green corn (maize)","1998","1998","ha","285180","A","Official figure",""
"QCL","Crops and livestock products","840","United States of America","5419","Yield","01290.01","Green corn (maize)","1998","1998","100 g/ha","145413","A","Official figure",""
"QCL","Crops and livestock products","840","United States of America","5510","Production","01290.01","Green corn (maize)","1998","1998","t","4146900","A","Official figure",""
"QCL","Crops and livestock products","840","United States of America","5312","Area harvested","01290.01","Green corn (maize)","1999","1999","ha","284740","A","Official figure",""
"QCL","Crops and livestock products","840","United States of America","5419","Yield","01290.01","Green corn (maize)","1999","1999","100 g/ha","146132","A","Official figure",""
"QCL","Crops and livestock products","840","United States of America","5510","Production","01290.01","Green corn (maize)","1999","1999","t","4160960","A","Official figure",""
"QCL","Crops and livestock products","840","United States of America","5312","Area harvested","01290.01","Green corn (maize)","2000","2000","ha","283121","A","Official figure",""
"QCL","Crops and livestock products","840","United States of America","5419","Yield","01290.01","Green corn (maize)","2000","2000","100 g/ha","153312","A","Official figure",""
"QCL","Crops and livestock products","840","United States of America","5510","Production","01290.01","Green corn (maize)","2000","2000","t","4340585","A","Official figure",""
"QCL","Crops and livestock products","840","United States of America","5312","Area harvested","01290.01","Green corn (maize)","2001","2001","ha","280078","A","Official figure",""
"QCL","Crops and livestock products","840","United States of America","5419","Yield","01290.01","Green corn (maize)","2001","2001","100 g/ha","155808","A","Official figure",""
"QCL","Crops and livestock products","840","United States of America","5510","Production","01290.01","Green corn (maize)","2001","2001","t","4363838","A","Official figure",""
"QCL","Crops and livestock products","840","United States of America","5312","Area harvested","01290.01","Green corn (maize)","2002","2002","ha","268240","A","Official figure",""
"QCL","Crops and livestock products","840","United States of America","5419","Yield","01290.01","Green corn (maize)","2002","2002","100 g/ha","159141","A","Official figure",""
"QCL","Crops and livestock products","840","United States of America","5510","Production","01290.01","Green corn (maize)","2002","2002","t","4268803","A","Official figure",""
"QCL","Crops and livestock products","840","United States of America","5312","Area harvested","01290.01","Green corn (maize)","2003","2003","ha","268390","A","Official figure",""
"QCL","Crops and livestock products","840","United States of America","5419","Yield","01290.01","Green corn (maize)","2003","2003","100 g/ha","168153","A","Official figure",""
"QCL","Crops and livestock products","840","United States of America","5510","Production","01290.01","Green corn (maize)","2003","2003","t","4513066","A","Official figure",""
"QCL","Crops and livestock products","840","United States of America","5312","Area harvested","01290.01","Green corn (maize)","2004","2004","ha","258921","A","Official figure",""
"QCL","Crops and livestock products","840","United States of America","5419","Yield","01290.01","Green corn (maize)","2004","2004","100 g/ha","162157","A","Official figure",""
"QCL","Crops and livestock products","840","United States of America","5510","Production","01290.01","Green corn (maize)","2004","2004","t","4198595","A","Official figure",""
"QCL","Crops and livestock products","840","United States of America","5312","Area harvested","01290.01","Green corn (maize)","2005","2005","ha","256780","A","Official figure",""
"QCL","Crops and livestock products","840","United States of America","5419","Yield","01290.01","Green corn (maize)","2005","2005","100 g/ha","170302","A","Official figure",""
"QCL","Crops and livestock products","840","United States of America","5510","Production","01290.01","Green corn (maize)","2005","2005","t","4373010","A","Official figure",""
"QCL","Crops and livestock products","840","United States of America","5312","Area harvested","01290.01","Green corn (maize)","2006","2006","ha","244028","A","Official figure",""
"QCL","Crops and livestock products","840","United States of America","5419","Yield","01290.01","Green corn (maize)","2006","2006","100 g/ha","174297","A","Official figure",""
"QCL","Crops and livestock products","840","United States of America","5510","Production","01290.01","Green corn (maize)","2006","2006","t","4253324","A","Official figure",""
"QCL","Crops and livestock products","840","United States of America","5312","Area harvested","01290.01","Green corn (maize)","2007","2007","ha","243462","A","Official figure",""
"QCL","Crops and livestock products","840","United States of America","5419","Yield","01290.01","Green corn (maize)","2007","2007","100 g/ha","172115","A","Official figure",""
"QCL","Crops and livestock products","840","United States of America","5510","Production","01290.01","Green corn (maize)","2007","2007","t","4190350","A","Official figure",""
"QCL","Crops and livestock products","840","United States of America","5312","Area harvested","01290.01","Green corn (maize)","2008","2008","ha","240340","A","Official figure",""
"QCL","Crops and livestock products","840","United States of America","5419","Yield","01290.01","Green corn (maize)","2008","2008","100 g/ha","161455","A","Official figure",""
"QCL","Crops and livestock products","840","United States of America","5510","Production","01290.01","Green corn (maize)","2008","2008","t","3880410","A","Official figure",""
"QCL","Crops and livestock products","840","United States of America","5312","Area harvested","01290.01","Green corn (maize)","2009","2009","ha","249350","A","Official figure",""
"QCL","Crops and livestock products","840","United States of America","5419","Yield","01290.01","Green corn (maize)","2009","2009","100 g/ha","170122","A","Official figure",""
"QCL","Crops and livestock products","840","United States of America","5510","Production","01290.01","Green corn (maize)","2009","2009","t","4242000","A","Official figure",""
"QCL","Crops and livestock products","840","United States of America","5312","Area harvested","01290.01","Green corn (maize)","2010","2010","ha","236860","A","Official figure",""
"QCL","Crops and livestock products","840","United States of America","5419","Yield","01290.01","Green corn (maize)","2010","2010","100 g/ha","159927","A","Official figure",""
"QCL","Crops and livestock products","840","United States of America","5510","Production","01290.01","Green corn (maize)","2010","2010","t","3788030","A","Official figure",""
"QCL","Crops and livestock products","840","United States of America","5312","Area harvested","01290.01","Green corn (maize)","2011","2011","ha","230550","A","Official figure",""
"QCL","Crops and livestock products","840","United States of America","5419","Yield","01290.01","Green corn (maize)","2011","2011","100 g/ha","159815","A","Official figure",""
"QCL","Crops and livestock products","840","United States of America","5510","Production","01290.01","Green corn (maize)","2011","2011","t","3684530","A","Official figure",""
"QCL","Crops and livestock products","840","United States of America","5312","Area harvested","01290.01","Green corn (maize)","2012","2012","ha","233840","A","Official figure",""
"QCL","Crops and livestock products","840","United States of America","5419","Yield","01290.01","Green corn (maize)","2012","2012","100 g/ha","168946","A","Official figure",""
"QCL","Crops and livestock products","840","United States of America","5510","Production","01290.01","Green corn (maize)","2012","2012","t","3950630","A","Official figure",""
"QCL","Crops and livestock products","840","United States of America","5312","Area harvested","01290.01","Green corn (maize)","2013","2013","ha","219880","A","Official figure",""
"QCL","Crops and livestock products","840","United States of America","5419","Yield","01290.01","Green corn (maize)","2013","2013","100 g/ha","164202","A","Official figure",""
"QCL","Crops and livestock products","840","United States of America","5510","Production","01290.01","Green corn (maize)","2013","2013","t","3610470","A","Official figure",""
"QCL","Crops and livestock products","840","United States of America","5312","Area harvested","01290.01","Green corn (maize)","2014","2014","ha","211790","A","Official figure",""
"QCL","Crops and livestock products","840","United States of America","5419","Yield","01290.01","Green corn (maize)","2014","2014","100 g/ha","162780","A","Official figure",""
"QCL","Crops and livestock products","840","United States of America","5510","Production","01290.01","Green corn (maize)","2014","2014","t","3447520","A","Official figure",""
"QCL","Crops and livestock products","840","United States of America","5312","Area harvested","01290.01","Green corn (maize)","2015","2015","ha","163040","A","Official figure",""
"QCL","Crops and livestock products","840","United States of America","5419","Yield","01290.01","Green corn (maize)","2015","2015","100 g/ha","216208","A","Official figure",""
"QCL","Crops and livestock products","840","United States of America","5510","Production","01290.01","Green corn (maize)","2015","2015","t","3525060","A","Official figure",""
"QCL","Crops and livestock products","840","United States of America","5312","Area harvested","01290.01","Green corn (maize)","2016","2016","ha","193610","A","Official figure",""
"QCL","Crops and livestock products","840","United States of America","5419","Yield","01290.01","Green corn (maize)","2016","2016","100 g/ha","170175","A","Official figure",""
"QCL","Crops and livestock products","840","United States of America","5510","Production","01290.01","Green corn (maize)","2016","2016","t","3294760","A","Official figure",""
"QCL","Crops and livestock products","840","United States of America","5312","Area harvested","01290.01","Green corn (maize)","2017","2017","ha","188020","A","Official figure",""
"QCL","Crops and livestock products","840","United States of America","5419","Yield","01290.01","Green corn (maize)","2017","2017","100 g/ha","182497","A","Official figure",""
"QCL","Crops and livestock products","840","United States of America","5510","Production","01290.01","Green corn (maize)","2017","2017","t","3431310","A","Official figure",""
"QCL","Crops and livestock products","840","United States of America","5312","Area harvested","01290.01","Green corn (maize)","2018","2018","ha","191860","A","Official figure",""
"QCL","Crops and livestock products","840","United States of America","5419","Yield","01290.01","Green corn (maize)","2018","2018","100 g/ha","173672","A","Official figure",""
"QCL","Crops and livestock products","840","United States of America","5510","Production","01290.01","Green corn (maize)","2018","2018","t","3332080","A","Official figure",""
"QCL","Crops and livestock products","840","United States of America","5312","Area harvested","01290.01","Green corn (maize)","2019","2019","ha","158111","A","Official figure",""
"QCL","Crops and livestock products","840","United States of America","5419","Yield","01290.01","Green corn (maize)","2019","2019","100 g/ha","180639","A","Official figure",""
"QCL","Crops and livestock products","840","United States of America","5510","Production","01290.01","Green corn (maize)","2019","2019","t","2856091","A","Official figure",""
"QCL","Crops and livestock products","840","United States of America","5312","Area harvested","01290.01","Green corn (maize)","2020","2020","ha","150828","A","Official figure",""
"QCL","Crops and livestock products","840","United States of America","5419","Yield","01290.01","Green corn (maize)","2020","2020","100 g/ha","181881","A","Official figure",""
"QCL","Crops and livestock products","840","United States of America","5510","Production","01290.01","Green corn (maize)","2020","2020","t","2743282","A","Official figure",""
"QCL","Crops and livestock products","840","United States of America","5312","Area harvested","01290.01","Green corn (maize)","2021","2021","ha","142734","A","Official figure",""
"QCL","Crops and livestock products","840","United States of America","5419","Yield","01290.01","Green corn (maize)","2021","2021","100 g/ha","181394","A","Official figure",""
"QCL","Crops and livestock products","840","United States of America","5510","Production","01290.01","Green corn (maize)","2021","2021","t","2589106","A","Official figure",""
"QCL","Crops and livestock products","840","United States of America","5312","Area harvested","01290.01","Green corn (maize)","2022","2022","ha","137756","A","Official figure",""
"QCL","Crops and livestock products","840","United States of America","5419","Yield","01290.01","Green corn (maize)","2022","2022","100 g/ha","188418","A","Official figure",""
"QCL","Crops and livestock products","840","United States of America","5510","Production","01290.01","Green corn (maize)","2022","2022","t","2595570","A","Official figure",""
"QCL","Crops and livestock products","840","United States of America","5312","Area harvested","0112","Maize (corn)","1980","1980","ha","29525904","A","Official figure",""
"QCL","Crops and livestock products","840","United States of America","5419","Yield","0112","Maize (corn)","1980","1980","100 g/ha","57118","A","Official figure",""
"QCL","Crops and livestock products","840","United States of America","5510","Production","0112","Maize (corn)","1980","1980","t","168647008","A","Official figure",""
"QCL","Crops and livestock products","840","United States of America","5312","Area harvested","0112","Maize (corn)","1981","1981","ha","30158400","A","Official figure",""
"QCL","Crops and livestock products","840","United States of America","5419","Yield","0112","Maize (corn)","1981","1981","100 g/ha","68380","A","Official figure",""
"QCL","Crops and livestock products","840","United States of America","5510","Production","0112","Maize (corn)","1981","1981","t","206222000","A","Official figure",""
"QCL","Crops and livestock products","840","United States of America","5312","Area harvested","0112","Maize (corn)","1982","1982","ha","29427904","A","Official figure",""
"QCL","Crops and livestock products","840","United States of America","5419","Yield","0112","Maize (corn)","1982","1982","100 g/ha","71082","A","Official figure",""
"QCL","Crops and livestock products","840","United States of America","5510","Production","0112","Maize (corn)","1982","1982","t","209180000","A","Official figure",""
"QCL","Crops and livestock products","840","United States of America","5312","Area harvested","0112","Maize (corn)","1983","1983","ha","20834000","A","Official figure",""
"QCL","Crops and livestock products","840","United States of America","5419","Yield","0112","Maize (corn)","1983","1983","100 g/ha","50893","A","Official figure",""
"QCL","Crops and livestock products","840","United States of America","5510","Production","0112","Maize (corn)","1983","1983","t","106030000","A","Official figure",""
"QCL","Crops and livestock products","840","United States of America","5312","Area harvested","0112","Maize (corn)","1984","1984","ha","29095008","A","Official figure",""
"QCL","Crops and livestock products","840","United States of America","5419","Yield","0112","Maize (corn)","1984","1984","100 g/ha","66981","A","Official figure",""
"QCL","Crops and livestock products","840","United States of America","5510","Production","0112","Maize (corn)","1984","1984","t","194880000","A","Official figure",""
"QCL","Crops and livestock products","840","United States of America","5312","Area harvested","0112","Maize (corn)","1985","1985","ha","30436000","A","Official figure",""
"QCL","Crops and livestock products","840","United States of America","5419","Yield","0112","Maize (corn)","1985","1985","100 g/ha","74074","A","Official figure",""
"QCL","Crops and livestock products","840","United States of America","5510","Production","0112","Maize (corn)","1985","1985","t","225453008","A","Official figure",""
"QCL","Crops and livestock products","840","United States of America","5312","Area harvested","0112","Maize (corn)","1986","1986","ha","27885008","A","Official figure",""
"QCL","Crops and livestock products","840","United States of America","5419","Yield","0112","Maize (corn)","1986","1986","100 g/ha","74930","A","Official figure",""
"QCL","Crops and livestock products","840","United States of America","5510","Production","0112","Maize (corn)","1986","1986","t","208943008","A","Official figure",""
"QCL","Crops and livestock products","840","United States of America","5312","Area harvested","0112","Maize (corn)","1987","1987","ha","24080000","A","Official figure",""
"QCL","Crops and livestock products","840","United States of America","5419","Yield","0112","Maize (corn)","1987","1987","100 g/ha","75225","A","Official figure",""
"QCL","Crops and livestock products","840","United States of America","5510","Production","0112","Maize (corn)","1987","1987","t","181142000","A","Official figure",""
"QCL","Crops and livestock products","840","United States of America","5312","Area harvested","0112","Maize (corn)","1988","1988","ha","23573008","A","Official figure",""
"QCL","Crops and livestock products","840","United States of America","5419","Yield","0112","Maize (corn)","1988","1988","100 g/ha","53109","A","Official figure",""
"QCL","Crops and livestock products","840","United States of America","5510","Production","0112","Maize (corn)","1988","1988","t","125194000","A","Official figure",""
"QCL","Crops and livestock products","840","United States of America","5312","Area harvested","0112","Maize (corn)","1989","1989","ha","26216000","A","Official figure",""
"QCL","Crops and livestock products","840","United States of America","5419","Yield","0112","Maize (corn)","1989","1989","100 g/ha","72978","A","Official figure",""
"QCL","Crops and livestock products","840","United States of America","5510","Production","0112","Maize (corn)","1989","1989","t","191319008","A","Official figure",""
"QCL","Crops and livestock products","840","United States of America","5312","Area harvested","0112","Maize (corn)","1990","1990","ha","27094800","A","Official figure",""
"QCL","Crops and livestock products","840","United States of America","5419","Yield","0112","Maize (corn)","1990","1990","100 g/ha","74380","A","Official figure",""
"QCL","Crops and livestock products","840","United States of America","5510","Production","0112","Maize (corn)","1990","1990","t","201532000","A","Official figure",""
"QCL","Crops and livestock products","840","United States of America","5312","Area harvested","0112","Maize (corn)","1991","1991","ha","27851580","A","Official figure",""
"QCL","Crops and livestock products","840","United States of America","5419","Yield","0112","Maize (corn)","1991","1991","100 g/ha","68171","A","Official figure",""
"QCL","Crops and livestock products","840","United States of America","5510","Production","0112","Maize (corn)","1991","1991","t","189867780","A","Official figure",""
"QCL","Crops and livestock products","840","United States of America","5312","Area harvested","0112","Maize (corn)","1992","1992","ha","29168840","A","Official figure",""
"QCL","Crops and livestock products","840","United States of America","5419","Yield","0112","Maize (corn)","1992","1992","100 g/ha","82526","A","Official figure",""
"QCL","Crops and livestock products","840","United States of America","5510","Production","0112","Maize (corn)","1992","1992","t","240719220","A","Official figure",""
"QCL","Crops and livestock products","840","United States of America","5312","Area harvested","0112","Maize (corn)","1993","1993","ha","25468360","A","Official figure",""
"QCL","Crops and livestock products","840","United States of America","5419","Yield","0112","Maize (corn)","1993","1993","100 g/ha","63210","A","Official figure",""
"QCL","Crops and livestock products","840","United States of America","5510","Production","0112","Maize (corn)","1993","1993","t","160985760","A","Official figure",""
"QCL","Crops and livestock products","840","United States of America","5312","Area harvested","0112","Maize (corn)","1994","1994","ha","29345690","A","Official figure",""
"QCL","Crops and livestock products","840","United States of America","5419","Yield","0112","Maize (corn)","1994","1994","100 g/ha","86996","A","Official figure",""
"QCL","Crops and livestock products","840","United States of America","5510","Production","0112","Maize (corn)","1994","1994","t","255294970","A","Official figure",""
"QCL","Crops and livestock products","840","United States of America","5312","Area harvested","0112","Maize (corn)","1995","1995","ha","26389830","A","Official figure",""
"QCL","Crops and livestock products","840","United States of America","5419","Yield","0112","Maize (corn)","1995","1995","100 g/ha","71228","A","Official figure",""
"QCL","Crops and livestock products","840","United States of America","5510","Production","0112","Maize (corn)","1995","1995","t","187969950","A","Official figure",""
"QCL","Crops and livestock products","840","United States of America","5312","Area harvested","0112","Maize (corn)","1996","1996","ha","29398300","A","Official figure",""
"QCL","Crops and livestock products","840","United States of America","5419","Yield","0112","Maize (corn)","1996","1996","100 g/ha","79773","A","Official figure",""
"QCL","Crops and livestock products","840","United States of America","5510","Production","0112","Maize (corn)","1996","1996","t","234517750","A","Official figure",""
"QCL","Crops and livestock products","840","United States of America","5312","Area harvested","0112","Maize (corn)","1997","1997","ha","29409230","A","Official figure",""
"QCL","Crops and livestock products","840","United States of America","5419","Yield","0112","Maize (corn)","1997","1997","100 g/ha","79521","A","Official figure",""
"QCL","Crops and livestock products","840","United States of America","5510","Production","0112","Maize (corn)","1997","1997","t","233864300","A","Official figure",""
"QCL","Crops and livestock products","840","United States of America","5312","Area harvested","0112","Maize (corn)","1998","1998","ha","29376040","A","Official figure",""
"QCL","Crops and livestock products","840","United States of America","5419","Yield","0112","Maize (corn)","1998","1998","100 g/ha","84382","A","Official figure",""
"QCL","Crops and livestock products","840","United States of America","5510","Production","0112","Maize (corn)","1998","1998","t","247882020","A","Official figure",""
"QCL","Crops and livestock products","840","United States of America","5312","Area harvested","0112","Maize (corn)","1999","1999","ha","28525380","A","Official figure",""
"QCL","Crops and livestock products","840","United States of America","5419","Yield","0112","Maize (corn)","1999","1999","100 g/ha","83977","A","Official figure",""
"QCL","Crops and livestock products","840","United States of America","5510","Production","0112","Maize (corn)","1999","1999","t","239548580","A","Official figure",""
"QCL","Crops and livestock products","840","United States of America","5312","Area harvested","0112","Maize (corn)","2000","2000","ha","29315740","A","Official figure",""
"QCL","Crops and livestock products","840","United States of America","5419","Yield","0112","Maize (corn)","2000","2000","100 g/ha","85911","A","Official figure",""
"QCL","Crops and livestock products","840","United States of America","5510","Production","0112","Maize (corn)","2000","2000","t","251853900","A","Official figure",""
"QCL","Crops and livestock products","840","United States of America","5312","Area harvested","0112","Maize (corn)","2001","2001","ha","27829720","A","Official figure",""
"QCL","Crops and livestock products","840","United States of America","5419","Yield","0112","Maize (corn)","2001","2001","100 g/ha","86733","A","Official figure",""
"QCL","Crops and livestock products","840","United States of America","5510","Production","0112","Maize (corn)","2001","2001","t","241376650","A","Official figure",""
"QCL","Crops and livestock products","840","United States of America","5312","Area harvested","0112","Maize (corn)","2002","2002","ha","28057160","A","Official figure",""
"QCL","Crops and livestock products","840","United States of America","5419","Yield","0112","Maize (corn)","2002","2002","100 g/ha","81180","A","Official figure",""
"QCL","Crops and livestock products","840","United States of America","5510","Production","0112","Maize (corn)","2002","2002","t","227766880","A","Official figure",""
"QCL","Crops and livestock products","840","United States of America","5312","Area harvested","0112","Maize (corn)","2003","2003","ha","28710330","A","Official figure",""
"QCL","Crops and livestock products","840","United States of America","5419","Yield","0112","Maize (corn)","2003","2003","100 g/ha","89246","A","Official figure",""
"QCL","Crops and livestock products","840","United States of America","5510","Production","0112","Maize (corn)","2003","2003","t","256229020","A","Official figure",""
"QCL","Crops and livestock products","840","United States of America","5312","Area harvested","0112","Maize (corn)","2004","2004","ha","29797730","A","Official figure",""
"QCL","Crops and livestock products","840","United States of America","5419","Yield","0112","Maize (corn)","2004","2004","100 g/ha","100637","A","Official figure",""
"QCL","Crops and livestock products","840","United States of America","5510","Production","0112","Maize (corn)","2004","2004","t","299875570","A","Official figure",""
"QCL","Crops and livestock products","840","United States of America","5312","Area harvested","0112","Maize (corn)","2005","2005","ha","30399100","A","Official figure",""
"QCL","Crops and livestock products","840","United States of America","5419","Yield","0112","Maize (corn)","2005","2005","100 g/ha","92852","A","Official figure",""
"QCL","Crops and livestock products","840","United States of America","5510","Production","0112","Maize (corn)","2005","2005","t","282262550","A","Official figure",""
"QCL","Crops and livestock products","840","United States of America","5312","Area harvested","0112","Maize (corn)","2006","2006","ha","28586490","A","Official figure",""
"QCL","Crops and livestock products","840","United States of America","5419","Yield","0112","Maize (corn)","2006","2006","100 g/ha","93577","A","Official figure",""
"QCL","Crops and livestock products","840","United States of America","5510","Production","0112","Maize (corn)","2006","2006","t","267502850","A","Official figure",""
"QCL","Crops and livestock products","840","United States of America","5312","Area harvested","0112","Maize (corn)","2007","2007","ha","35013780","A","Official figure",""
"QCL","Crops and livestock products","840","United States of America","5419","Yield","0112","Maize (corn)","2007","2007","100 g/ha","94585","A","Official figure",""
"QCL","Crops and livestock products","840","United States of America","5510","Production","0112","Maize (corn)","2007","2007","t","331177280","A","Official figure",""
"QCL","Crops and livestock products","840","United States of America","5312","Area harvested","0112","Maize (corn)","2008","2008","ha","31796490","A","Official figure",""
"QCL","Crops and livestock products","840","United States of America","5419","Yield","0112","Maize (corn)","2008","2008","100 g/ha","96209","A","Official figure",""
"QCL","Crops and livestock products","840","United States of America","5510","Production","0112","Maize (corn)","2008","2008","t","305911450","A","Official figure",""
"QCL","Crops and livestock products","840","United States of America","5312","Area harvested","0112","Maize (corn)","2009","2009","ha","32168810","A","Official figure",""
"QCL","Crops and livestock products","840","United States of America","5419","Yield","0112","Maize (corn)","2009","2009","100 g/ha","103181","A","Official figure",""
"QCL","Crops and livestock products","840","United States of America","5510","Production","0112","Maize (corn)","2009","2009","t","331921050","A","Official figure",""
"QCL","Crops and livestock products","840","United States of America","5312","Area harvested","0112","Maize (corn)","2010","2010","ha","32960380","A","Official figure",""
"QCL","Crops and livestock products","840","United States of America","5419","Yield","0112","Maize (corn)","2010","2010","100 g/ha","95757","A","Official figure",""
"QCL","Crops and livestock products","840","United States of America","5510","Production","0112","Maize (corn)","2010","2010","t","315617920","A","Official figure",""
"QCL","Crops and livestock products","840","United States of America","5312","Area harvested","0112","Maize (corn)","2011","2011","ha","33944990","A","Official figure",""
"QCL","Crops and livestock products","840","United States of America","5419","Yield","0112","Maize (corn)","2011","2011","100 g/ha","92146","A","Official figure",""
"QCL","Crops and livestock products","840","United States of America","5510","Production","0112","Maize (corn)","2011","2011","t","312788890","A","Official figure",""
"QCL","Crops and livestock products","840","United States of America","5312","Area harvested","0112","Maize (corn)","2012","2012","ha","35355740","A","Official figure",""
"QCL","Crops and livestock products","840","United States of America","5419","Yield","0112","Maize (corn)","2012","2012","100 g/ha","77270","A","Official figure",""
"QCL","Crops and livestock products","840","United States of America","5510","Production","0112","Maize (corn)","2012","2012","t","273192400","A","Official figure",""
"QCL","Crops and livestock products","840","United States of America","5312","Area harvested","0112","Maize (corn)","2013","2013","ha","35390550","A","Official figure",""
"QCL","Crops and livestock products","840","United States of America","5419","Yield","0112","Maize (corn)","2013","2013","100 g/ha","99256","A","Official figure",""
"QCL","Crops and livestock products","840","United States of America","5510","Production","0112","Maize (corn)","2013","2013","t","351271870","A","Official figure",""
"QCL","Crops and livestock products","840","United States of America","5312","Area harvested","0112","Maize (corn)","2014","2014","ha","33644310","A","Official figure",""
"QCL","Crops and livestock products","840","United States of America","5419","Yield","0112","Maize (corn)","2014","2014","100 g/ha","107326","A","Official figure",""
"QCL","Crops and livestock products","840","United States of America","5510","Production","0112","Maize (corn)","2014","2014","t","361091140","A","Official figure",""
"QCL","Crops and livestock products","840","United States of America","5312","Area harvested","0112","Maize (corn)","2015","2015","ha","32678310","A","Official figure",""
"QCL","Crops and livestock products","840","United States of America","5419","Yield","0112","Maize (corn)","2015","2015","100 g/ha","105723","A","Official figure",""
"QCL","Crops and livestock products","840","United States of America","5510","Production","0112","Maize (corn)","2015","2015","t","345486340","A","Official figure",""
"QCL","Crops and livestock products","840","United States of America","5312","Area harvested","0112","Maize (corn)","2016","2016","ha","35106050","A","Official figure",""
"QCL","Crops and livestock products","840","United States of America","5419","Yield","0112","Maize (corn)","2016","2016","100 g/ha","117433","A","Official figure",""
"QCL","Crops and livestock products","840","United States of America","5510","Production","0112","Maize (corn)","2016","2016","t","412262180","A","Official figure",""
"QCL","Crops and livestock products","840","United States of America","5312","Area harvested","0112","Maize (corn)","2017","2017","ha","33481220","A","Official figure",""
"QCL","Crops and livestock products","840","United States of America","5419","Yield","0112","Maize (corn)","2017","2017","100 g/ha","110837","A","Official figure",""
"QCL","Crops and livestock products","840","United States of America","5510","Production","0112","Maize (corn)","2017","2017","t","371096030","A","Official figure",""
"QCL","Crops and livestock products","840","United States of America","5312","Area harvested","0112","Maize (corn)","2018","2018","ha","32891580","A","Official figure",""
"QCL","Crops and livestock products","840","United States of America","5419","Yield","0112","Maize (corn)","2018","2018","100 g/ha","110746","A","Official figure",""
"QCL","Crops and livestock products","840","United States of America","5510","Production","0112","Maize (corn)","2018","2018","t","364262150","A","Official figure",""
"QCL","Crops and livestock products","840","United States of America","5312","Area harvested","0112","Maize (corn)","2019","2019","ha","32916270","A","Official figure",""
"QCL","Crops and livestock products","840","United States of America","5419","Yield","0112","Maize (corn)","2019","2019","100 g/ha","105104","A","Official figure",""
"QCL","Crops and livestock products","840","United States of America","5510","Production","0112","Maize (corn)","2019","2019","t","345962110","A","Official figure",""
"QCL","Crops and livestock products","840","United States of America","5312","Area harvested","0112","Maize (corn)","2020","2020","ha","33311250","A","Official figure",""
"QCL","Crops and livestock products","840","United States of America","5419","Yield","0112","Maize (corn)","2020","2020","100 g/ha","107605","A","Official figure",""
"QCL","Crops and livestock products","840","United States of America","5510","Production","0112","Maize (corn)","2020","2020","t","358447310","A","Official figure",""
"QCL","Crops and livestock products","840","United States of America","5312","Area harvested","0112","Maize (corn)","2021","2021","ha","34527340","A","Official figure",""
"QCL","Crops and livestock products","840","United States of America","5419","Yield","0112","Maize (corn)","2021","2021","100 g/ha","110895","A","Official figure",""
"QCL","Crops and livestock products","840","United States of America","5510","Production","0112","Maize (corn)","2021","2021","t","382892660","A","Official figure",""
"QCL","Crops and livestock products","840","United States of America","5312","Area harvested","0112","Maize (corn)","2022","2022","ha","32054280","A","Official figure",""
"QCL","Crops and livestock products","840","United States of America","5419","Yield","0112","Maize (corn)","2022","2022","100 g/ha","108800","A","Official figure",""
"QCL","Crops and livestock products","840","United States of America","5510","Production","0112","Maize (corn)","2022","2022","t","348750930","A","Official figure",""
